"Country Name","Country Code","Indicator Name","Indicator Code",1960,1961,1962,1963,1964,1965,1966,1967,1968,1969,1970,1971,1972,1973,1974,1975,1976,1977,1978,1979,1980,1981,1982,1983,1984,1985,1986,1987,1988,1989,1990,1991,1992,1993,1994,1995,1996,1997,1998,1999,2000,2001,2002,2003,2004,2005,2006,2007,2008,2009,2010,2011,2012,2013,2014,2015,2016,2017,2018,2019
"Aruba","ABW","Poverty headcount ratio at $1.90 a day (2011 PPP) (% of population)","SI.POV.DDAY",,,,,,,,,,,,,,,,,,,,,,,,,,,,,,,,,,,,,,,,,,,,,,,,,,,,,,,,,,,,
"Afghanistan","AFG","Poverty headcount ratio at $1.90 a day (2011 PPP) (% of population)","SI.POV.DDAY",,,,,,,,,,,,,,,,,,,,,,,,,,,,,,,,,,,,,,,,,,,,,,,,,,,,,,,,,,,,
"Angola","AGO","Poverty headcount ratio at $1.90 a day (2011 PPP) (% of population)","SI.POV.DDAY",,,,,,,,,,,,,,,,,,,,,,,,,,,,,,,,,,,,,,,,,32.3,,,,,,,,30.1,,,,,,,,,,,
"Albania","ALB","Poverty headcount ratio at $1.90 a day (2011 PPP) (% of population)","SI.POV.DDAY",,,,,,,,,,,,,,,,,,,,,,,,,,,,,,,,,,,,,1.1,,,,,,2,,,1.1,,,0.4,,,,1.1,,,,,,,
"Andorra","AND","Poverty headcount ratio at $1.90 a day (2011 PPP) (% of population)","SI.POV.DDAY",,,,,,,,,,,,,,,,,,,,,,,,,,,,,,,,,,,,,,,,,,,,,,,,,,,,,,,,,,,,
"Arab World","ARB","Poverty headcount ratio at $1.90 a day (2011 PPP) (% of population)","SI.POV.DDAY",,,,,,,,,,,,,,,,,,,,,,,,,,,,,,,,,,,,,,,,,,,,,,,,,,,,,,,,,,,,
"United Arab Emirates","ARE","Poverty headcount ratio at $1.90 a day (2011 PPP) (% of population)","SI.POV.DDAY",,,,,,,,,,,,,,,,,,,,,,,,,,,,,,,,,,,,,,,,,,,,,,,,,,,,,,,,,,,,
"Argentina","ARG","Poverty headcount ratio at $1.90 a day (2011 PPP) (% of population)","SI.POV.DDAY",,,,,,,,,,,,,,,,,,,,,0.4,,,,,,0,0,,,,1.1,2.1,2.4,2.3,4.1,4.6,4.1,4.6,4.8,5.7,9.4,14,6.8,5.2,3.7,3.2,2.6,2.6,2.5,2.2,0.9,0.8,0.7,0.7,,0.7,0.5,,
"Armenia","ARM","Poverty headcount ratio at $1.90 a day (2011 PPP) (% of population)","SI.POV.DDAY",,,,,,,,,,,,,,,,,,,,,,,,,,,,,,,,,,,,,,,,16.9,,19.3,15.1,11.4,7.9,4.5,3.2,2.8,1.4,1.9,1.9,2.2,1.6,2.2,2.3,1.9,1.8,1.4,,
"American Samoa","ASM","Poverty headcount ratio at $1.90 a day (2011 PPP) (% of population)","SI.POV.DDAY",,,,,,,,,,,,,,,,,,,,,,,,,,,,,,,,,,,,,,,,,,,,,,,,,,,,,,,,,,,,
"Antigua and Barbuda","ATG","Poverty headcount ratio at $1.90 a day (2011 PPP) (% of population)","SI.POV.DDAY",,,,,,,,,,,,,,,,,,,,,,,,,,,,,,,,,,,,,,,,,,,,,,,,,,,,,,,,,,,,
"Australia","AUS","Poverty headcount ratio at $1.90 a day (2011 PPP) (% of population)","SI.POV.DDAY",,,,,,,,,,,,,,,,,,,,,,1,,,,1,,,,0.7,,,,,,0.7,,,,,,0.7,,1,0.7,,,,0.5,,0.5,,,,0.7,,,,,
"Austria","AUT","Poverty headcount ratio at $1.90 a day (2011 PPP) (% of population)","SI.POV.DDAY",,,,,,,,,,,,,,,,,,,,,,,,,,,,,,,,,,,,,,,,,,,,0.2,0,0.2,0,0.5,0.5,0.5,0.5,0.5,0.5,0.2,0.2,0.7,,,,
"Azerbaijan","AZE","Poverty headcount ratio at $1.90 a day (2011 PPP) (% of population)","SI.POV.DDAY",,,,,,,,,,,,,,,,,,,,,,,,,,,,,,,,,,,,7.3,,,,,,2.7,0,0,0,0,,,,,,,,,,,,,,
"Burundi","BDI","Poverty headcount ratio at $1.90 a day (2011 PPP) (% of population)","SI.POV.DDAY",,,,,,,,,,,,,,,,,,,,,,,,,,,,,,,,,81.1,,,,,,84.1,,,,,,,,77.7,,,,,,,71.8,,,,,,
"Belgium","BEL","Poverty headcount ratio at $1.90 a day (2011 PPP) (% of population)","SI.POV.DDAY",,,,,,,,,,,,,,,,,,,,,,,,,,,,,,,,,,,,,,,,,,,,0.2,0,0.2,0.2,0.2,0,0,0.2,0.2,0.2,0.2,0,0,,,,
"Benin","BEN","Poverty headcount ratio at $1.90 a day (2011 PPP) (% of population)","SI.POV.DDAY",,,,,,,,,,,,,,,,,,,,,,,,,,,,,,,,,,,,,,,,,,,,48.8,,,,,,,,53.1,,,,49.5,,,,
"Burkina Faso","BFA","Poverty headcount ratio at $1.90 a day (2011 PPP) (% of population)","SI.POV.DDAY",,,,,,,,,,,,,,,,,,,,,,,,,,,,,,,,,,,83.1,,,,81.6,,,,,57.3,,,,,,55.3,,,,,43.7,,,,,
"Bangladesh","BGD","Poverty headcount ratio at $1.90 a day (2011 PPP) (% of population)","SI.POV.DDAY",,,,,,,,,,,,,,,,,,,,,,,,29.9,,25.4,,,37.8,,,44.2,,,,35.7,,,,,34.8,,,,,25.7,,,,,19.6,,,,,,14.8,,,
"Bulgaria","BGR","Poverty headcount ratio at $1.90 a day (2011 PPP) (% of population)","SI.POV.DDAY",,,,,,,,,,,,,,,,,,,,,,,,,,,,,,,,,0,,,,,,,,,,,,,,5.5,1.7,1.2,1.2,2,2.2,2,1.7,1.5,,,,,
"Bahrain","BHR","Poverty headcount ratio at $1.90 a day (2011 PPP) (% of population)","SI.POV.DDAY",,,,,,,,,,,,,,,,,,,,,,,,,,,,,,,,,,,,,,,,,,,,,,,,,,,,,,,,,,,,
"Bahamas, The","BHS","Poverty headcount ratio at $1.90 a day (2011 PPP) (% of population)","SI.POV.DDAY",,,,,,,,,,,,,,,,,,,,,,,,,,,,,,,,,,,,,,,,,,,,,,,,,,,,,,,,,,,,
"Bosnia and Herzegovina","BIH","Poverty headcount ratio at $1.90 a day (2011 PPP) (% of population)","SI.POV.DDAY",,,,,,,,,,,,,,,,,,,,,,,,,,,,,,,,,,,,,,,,,,0.3,,,0.2,,,0.1,,,,0.1,,,,,,,,
"Belarus","BLR","Poverty headcount ratio at $1.90 a day (2011 PPP) (% of population)","SI.POV.DDAY",,,,,,,,,,,,,,,,,,,,,,,,,,,,,,,,,,,,,,,11.6,10.5,7.1,3.2,2.1,1.4,0.3,0.4,0.1,0.1,0,0,0,0,0,0,0,0,0,0,,
"Belize","BLZ","Poverty headcount ratio at $1.90 a day (2011 PPP) (% of population)","SI.POV.DDAY",,,,,,,,,,,,,,,,,,,,,,,,,,,,,,,,,,10.1,9.9,,13.3,16,14.4,13.9,,,,,,,,,,,,,,,,,,,,
"Bermuda","BMU","Poverty headcount ratio at $1.90 a day (2011 PPP) (% of population)","SI.POV.DDAY",,,,,,,,,,,,,,,,,,,,,,,,,,,,,,,,,,,,,,,,,,,,,,,,,,,,,,,,,,,,
"Bolivia","BOL","Poverty headcount ratio at $1.90 a day (2011 PPP) (% of population)","SI.POV.DDAY",,,,,,,,,,,,,,,,,,,,,,,,,,,,,,,7.1,,,,,,,19.3,,25.3,28.6,22.8,24.7,,13.7,19.3,16.4,12.4,11.1,10.5,,7.3,8.2,6.9,5.8,6.4,7.1,5.8,,
"Brazil","BRA","Poverty headcount ratio at $1.90 a day (2011 PPP) (% of population)","SI.POV.DDAY",,,,,,,,,,,,,,,,,,,,,,21.4,21.7,27.7,26.9,23.1,10.5,17.8,20.1,18.3,21.6,,20.9,19.9,,13,14.2,14,12.7,13.4,,11.6,10.3,11.1,9.7,8.6,7.2,6.8,5.6,5.4,,4.7,3.8,3.8,2.8,3.4,4.3,4.8,,
"Barbados","BRB","Poverty headcount ratio at $1.90 a day (2011 PPP) (% of population)","SI.POV.DDAY",,,,,,,,,,,,,,,,,,,,,,,,,,,,,,,,,,,,,,,,,,,,,,,,,,,,,,,,,,,,
"Brunei Darussalam","BRN","Poverty headcount ratio at $1.90 a day (2011 PPP) (% of population)","SI.POV.DDAY",,,,,,,,,,,,,,,,,,,,,,,,,,,,,,,,,,,,,,,,,,,,,,,,,,,,,,,,,,,,
"Bhutan","BTN","Poverty headcount ratio at $1.90 a day (2011 PPP) (% of population)","SI.POV.DDAY",,,,,,,,,,,,,,,,,,,,,,,,,,,,,,,,,,,,,,,,,,,,17.6,,,,8,,,,,2.2,,,,,1.5,,
"Botswana","BWA","Poverty headcount ratio at $1.90 a day (2011 PPP) (% of population)","SI.POV.DDAY",,,,,,,,,,,,,,,,,,,,,,,,,,42.6,,,,,,,,34.8,,,,,,,,,29.8,,,,,,,18.2,,,,,,16.1,,,,
"Central African Republic","CAF","Poverty headcount ratio at $1.90 a day (2011 PPP) (% of population)","SI.POV.DDAY",,,,,,,,,,,,,,,,,,,,,,,,,,,,,,,,,84.3,,,,,,,,,,,64.8,,,,,66.3,,,,,,,,,,,
"Canada","CAN","Poverty headcount ratio at $1.90 a day (2011 PPP) (% of population)","SI.POV.DDAY",,,,,,,,,,,,,,,,,,,,,,0.5,,,,,,0.2,,,,0.2,,,0.2,,,0.5,0.5,,0.2,,,,0.2,,,0.2,,,0.2,,,0.5,,,,,,
"Central Europe and the Baltics","CEB","Poverty headcount ratio at $1.90 a day (2011 PPP) (% of population)","SI.POV.DDAY",,,,,,,,,,,,,,,,,,,,,,,,,,,,,,,,,,,,,,,,,,,,,,,,,,,,,,,,,,,,
"Switzerland","CHE","Poverty headcount ratio at $1.90 a day (2011 PPP) (% of population)","SI.POV.DDAY",,,,,,,,,,,,,,,,,,,,,,,,,,,,,,,,,,,,,,,,,,,,,,,0,0,0,0,0,0,0,0,0,0,,,,
"Channel Islands","CHI","Poverty headcount ratio at $1.90 a day (2011 PPP) (% of population)","SI.POV.DDAY",,,,,,,,,,,,,,,,,,,,,,,,,,,,,,,,,,,,,,,,,,,,,,,,,,,,,,,,,,,,
"Chile","CHL","Poverty headcount ratio at $1.90 a day (2011 PPP) (% of population)","SI.POV.DDAY",,,,,,,,,,,,,,,,,,,,,,,,,,,,11.7,,,8.1,,4.7,,5,,3.4,,3.5,,4.4,,,4.2,,,2.4,,,2.6,,1.6,,0.9,,1.3,,0.7,,
"China","CHN","Poverty headcount ratio at $1.90 a day (2011 PPP) (% of population)","SI.POV.DDAY",,,,,,,,,,,,,,,,,,,,,,,,,,,,,,,66.2,,,56.6,,,41.7,,,40.2,,,31.7,,,18.5,,,14.8,,11.2,7.9,6.5,1.9,1.4,0.7,,,,
"Cote d'Ivoire","CIV","Poverty headcount ratio at $1.90 a day (2011 PPP) (% of population)","SI.POV.DDAY",,,,,,,,,,,,,,,,,,,,,,,,,,6.8,3.1,6.8,10.7,,,,22.4,,,19.6,,,25.8,,,,23.2,,,,,,29.1,,,,,,,28.2,,,,
"Cameroon","CMR","Poverty headcount ratio at $1.90 a day (2011 PPP) (% of population)","SI.POV.DDAY",,,,,,,,,,,,,,,,,,,,,,,,,,,,,,,,,,,,,48.1,,,,,23.1,,,,,,29.3,,,,,,,23.8,,,,,
"Congo, Dem. Rep.","COD","Poverty headcount ratio at $1.90 a day (2011 PPP) (% of population)","SI.POV.DDAY",,,,,,,,,,,,,,,,,,,,,,,,,,,,,,,,,,,,,,,,,,,,,94.1,,,,,,,,76.6,,,,,,,
"Congo, Rep.","COG","Poverty headcount ratio at $1.90 a day (2011 PPP) (% of population)","SI.POV.DDAY",,,,,,,,,,,,,,,,,,,,,,,,,,,,,,,,,,,,,,,,,,,,,,53.4,,,,,,37,,,,,,,,
"Colombia","COL","Poverty headcount ratio at $1.90 a day (2011 PPP) (% of population)","SI.POV.DDAY",,,,,,,,,,,,,,,,,,,,,,,,,,,,,,,,,8.9,,,,16.5,,,20.1,16.4,19.7,14.3,12,10.9,9.7,,,10.4,8.9,7.7,6.3,6.2,5.7,5,4.5,4.5,3.9,,
"Comoros","COM","Poverty headcount ratio at $1.90 a day (2011 PPP) (% of population)","SI.POV.DDAY",,,,,,,,,,,,,,,,,,,,,,,,,,,,,,,,,,,,,,,,,,,,,13.5,,,,,,,,,17.9,,,,,,
"Cabo Verde","CPV","Poverty headcount ratio at $1.90 a day (2011 PPP) (% of population)","SI.POV.DDAY",,,,,,,,,,,,,,,,,,,,,,,,,,,,,,,,,,,,,,,,,,16.2,,,,,,8.1,,,,,,,,,,,,
"Costa Rica","CRI","Poverty headcount ratio at $1.90 a day (2011 PPP) (% of population)","SI.POV.DDAY",,,,,,,,,,,,,,,,,,,,,,24.7,,,,,13.2,,,12,9.9,11.7,9.6,8,6.6,6.9,8,6.5,5.1,6.4,6.5,4.7,4.5,4.4,4.3,3.1,3.2,1.7,2.2,2.4,1.5,1.6,1.6,1.6,1.4,1.5,1.3,1,,
"Caribbean small states","CSS","Poverty headcount ratio at $1.90 a day (2011 PPP) (% of population)","SI.POV.DDAY",,,,,,,,,,,,,,,,,,,,,,,,,,,,,,,,,,,,,,,,,,,,,,,,,,,,,,,,,,,,
"Cuba","CUB","Poverty headcount ratio at $1.90 a day (2011 PPP) (% of population)","SI.POV.DDAY",,,,,,,,,,,,,,,,,,,,,,,,,,,,,,,,,,,,,,,,,,,,,,,,,,,,,,,,,,,,
"Curacao","CUW","Poverty headcount ratio at $1.90 a day (2011 PPP) (% of population)","SI.POV.DDAY",,,,,,,,,,,,,,,,,,,,,,,,,,,,,,,,,,,,,,,,,,,,,,,,,,,,,,,,,,,,
"Cayman Islands","CYM","Poverty headcount ratio at $1.90 a day (2011 PPP) (% of population)","SI.POV.DDAY",,,,,,,,,,,,,,,,,,,,,,,,,,,,,,,,,,,,,,,,,,,,,,,,,,,,,,,,,,,,
"Cyprus","CYP","Poverty headcount ratio at $1.90 a day (2011 PPP) (% of population)","SI.POV.DDAY",,,,,,,,,,,,,,,,,,,,,,,,,,,,,,,,,,,,,,,,,,,,,0,0,0,0,0,0,0,0,0,0,0,0,,,,
"Czech Republic","CZE","Poverty headcount ratio at $1.90 a day (2011 PPP) (% of population)","SI.POV.DDAY",,,,,,,,,,,,,,,,,,,,,,,,,,,,,,,,,,0,,,0.2,,,,,,,,0,0,0,0,0,0,0,0,0,0,0,0,,,,
"Germany","DEU","Poverty headcount ratio at $1.90 a day (2011 PPP) (% of population)","SI.POV.DDAY",,,,,,,,,,,,,,,,,,,,,,,,,,,,,,,,0,,,0.170000001788139,0.239999994635582,,,0,,0,0,0,0.25,0,0,0,0,0,0,0,0,,0,,0,,,,
"Djibouti","DJI","Poverty headcount ratio at $1.90 a day (2011 PPP) (% of population)","SI.POV.DDAY",,,,,,,,,,,,,,,,,,,,,,,,,,,,,,,,,,,,,,,,,,,20.6,,,,,,,,,,18.3,22.7,,,,17.1,,
"Dominica","DMA","Poverty headcount ratio at $1.90 a day (2011 PPP) (% of population)","SI.POV.DDAY",,,,,,,,,,,,,,,,,,,,,,,,,,,,,,,,,,,,,,,,,,,,,,,,,,,,,,,,,,,,
"Denmark","DNK","Poverty headcount ratio at $1.90 a day (2011 PPP) (% of population)","SI.POV.DDAY",,,,,,,,,,,,,,,,,,,,,,,,,,,,,,,,,,,,,,,,,,,,0.2,0.2,0.2,0.2,0,0.2,0.5,0,0,0,0.2,0.2,0.2,,,,
"Dominican Republic","DOM","Poverty headcount ratio at $1.90 a day (2011 PPP) (% of population)","SI.POV.DDAY",,,,,,,,,,,,,,,,,,,,,,,,,,,5.2,,,13.4,,,5.3,,,,4.9,5.2,,,5.5,3.9,5.6,6.6,8.5,5.6,4.3,4.3,3.7,3.1,2.5,2.9,2.6,2.2,2.1,1.8,1.6,,,
"Algeria","DZA","Poverty headcount ratio at $1.90 a day (2011 PPP) (% of population)","SI.POV.DDAY",,,,,,,,,,,,,,,,,,,,,,,,,,,,,6.4,,,,,,,5.8,,,,,,,,,,,,,,,,0.5,,,,,,,,
"East Asia & Pacific (excluding high income)","EAP","Poverty headcount ratio at $1.90 a day (2011 PPP) (% of population)","SI.POV.DDAY",,,,,,,,,,,,,,,,,,,,,,,,,,,,,,,,,,,,,,,,,,,,,,,,,,,,,,,,,,,,
"Early-demographic dividend","EAR","Poverty headcount ratio at $1.90 a day (2011 PPP) (% of population)","SI.POV.DDAY",,,,,,,,,,,,,,,,,,,,,,,,,,,,,,,,,,,,,,,,,,,,,,,,,,,,,,,,,,,,
"East Asia & Pacific","EAS","Poverty headcount ratio at $1.90 a day (2011 PPP) (% of population)","SI.POV.DDAY",,,,,,,,,,,,,,,,,,,,,,80.5,,,70.1,,,59.2,,,61.3,,,53.7,,,40.9,,,38.5,,,29.7,,,18.9,,,15.3,,11.2,8.6,7.2,3.6,,2.3,,,,
"Europe & Central Asia (excluding high income)","ECA","Poverty headcount ratio at $1.90 a day (2011 PPP) (% of population)","SI.POV.DDAY",,,,,,,,,,,,,,,,,,,,,,,,,,,,,,,,,,,,,,,,,,,,,,,,,,,,,,,,,,,,
"Europe & Central Asia","ECS","Poverty headcount ratio at $1.90 a day (2011 PPP) (% of population)","SI.POV.DDAY",,,,,,,,,,,,,,,,,,,,,,,,,,,,,,,,,,5.2,,,7.3,,,7.9,,,6,,,4.9,,,2.8,,2.4,2.1,1.9,1.6,,1.5,,,,
"Ecuador","ECU","Poverty headcount ratio at $1.90 a day (2011 PPP) (% of population)","SI.POV.DDAY",,,,,,,,,,,,,,,,,,,,,,,,,,,,17.6,,,,,,,17.1,,,,15.7,21.8,28.2,,,14.5,15,12.1,8.1,8.5,7.5,7.2,5.6,4.7,4.5,3.2,2.6,3.4,3.6,3.2,,
"Egypt, Arab Rep.","EGY","Poverty headcount ratio at $1.90 a day (2011 PPP) (% of population)","SI.POV.DDAY",,,,,,,,,,,,,,,,,,,,,,,,,,,,,,,7.4,,,,,4.6,,,,2,,,,,4.4,,,,3.9,,1.7,,1.3,,,1.3,,,,
"Euro area","EMU","Poverty headcount ratio at $1.90 a day (2011 PPP) (% of population)","SI.POV.DDAY",,,,,,,,,,,,,,,,,,,,,,,,,,,,,,,,,,,,,,,,,,,,,,,,,,,,,,,,,,,,
"Eritrea","ERI","Poverty headcount ratio at $1.90 a day (2011 PPP) (% of population)","SI.POV.DDAY",,,,,,,,,,,,,,,,,,,,,,,,,,,,,,,,,,,,,,,,,,,,,,,,,,,,,,,,,,,,
"Spain","ESP","Poverty headcount ratio at $1.90 a day (2011 PPP) (% of population)","SI.POV.DDAY",,,,,,,,,,,,,,,,,,,,,,,,,,,,,,,,,,,,,,,,,,,,0.7,0.7,0.7,0.7,0.4,0.5,0.7,0.7,1.2,1,1.2,0.7,1,,,,
"Estonia","EST","Poverty headcount ratio at $1.90 a day (2011 PPP) (% of population)","SI.POV.DDAY",,,,,,,,,,,,,,,,,,,,,,,,,,,,,,,,,,1.3,,,,,,,,,,2.5,1,0.7,0.7,0.5,0.5,0.5,0.7,1,0.7,1,0.7,0.5,,,,
"Ethiopia","ETH","Poverty headcount ratio at $1.90 a day (2011 PPP) (% of population)","SI.POV.DDAY",,,,,,,,,,,,,,,,,,,,,,,,,,,,,,,,,,,,71.1,,,,61.2,,,,,37.2,,,,,,33.5,,,,,30.8,,,,
"European Union","EUU","Poverty headcount ratio at $1.90 a day (2011 PPP) (% of population)","SI.POV.DDAY",,,,,,,,,,,,,,,,,,,,,,,,,,,,,,,,,,,,,,,,,,,,,,,,,,,,,,,,,,,,
"Fragile and conflict affected situations","FCS","Poverty headcount ratio at $1.90 a day (2011 PPP) (% of population)","SI.POV.DDAY",,,,,,,,,,,,,,,,,,,,,,52.1,,,53.5,,,52.7,,,53.5,,,57.6,,,55.7,,,52.6,,,49.3,,,44.9,,,40.1,,37.2,36.7,35.2,34.3,,34.4,,,,
"Finland","FIN","Poverty headcount ratio at $1.90 a day (2011 PPP) (% of population)","SI.POV.DDAY",,,,,,,,,,,,,,,,,,,,,,,,,,,,,,,,,,,,,,,,,,,,0,0,0,0,0,0,0,0,0,0,0,0,0,,,,
"Fiji","FJI","Poverty headcount ratio at $1.90 a day (2011 PPP) (% of population)","SI.POV.DDAY",,,,,,,,,,,,,,,,,,,,,,,,,,,,,,,,,,,,,,,,,,,4.9,,,,,,3.5,,,,,1.4,,,,,,
"France","FRA","Poverty headcount ratio at $1.90 a day (2011 PPP) (% of population)","SI.POV.DDAY",,,,,,,,,,,,,,,,,,,,,,,,,,,,,,,,,,,,,,,,,,,,0,0,0,0,0,0,0,0,0,0,0,0,0,,,,
"Faroe Islands","FRO","Poverty headcount ratio at $1.90 a day (2011 PPP) (% of population)","SI.POV.DDAY",,,,,,,,,,,,,,,,,,,,,,,,,,,,,,,,,,,,,,,,,,,,,,,,,,,,,,,,,,,,
"Micronesia, Fed. Sts.","FSM","Poverty headcount ratio at $1.90 a day (2011 PPP) (% of population)","SI.POV.DDAY",,,,,,,,,,,,,,,,,,,,,,,,,,,,,,,,,,,,,,,,,,,,,,8.1,,,,,,,,15.4,,,,,,
"Gabon","GAB","Poverty headcount ratio at $1.90 a day (2011 PPP) (% of population)","SI.POV.DDAY",,,,,,,,,,,,,,,,,,,,,,,,,,,,,,,,,,,,,,,,,,,,,,8,,,,,,,,,,,,3.4,,
"United Kingdom","GBR","Poverty headcount ratio at $1.90 a day (2011 PPP) (% of population)","SI.POV.DDAY",,,,,,,,,,,,,,,,,,,,,,,,,,,,,,,,,,,,,,,,,,,,,0.5,0.5,0.2,0.2,0.2,0.2,0.2,0.2,0.2,0.2,0.2,0.2,,,,
"Georgia","GEO","Poverty headcount ratio at $1.90 a day (2011 PPP) (% of population)","SI.POV.DDAY",,,,,,,,,,,,,,,,,,,,,,,,,,,,,,,,,,,,,5.5,16.3,14.6,18.7,19.4,19.4,10.5,10.7,10.1,10.9,10.5,11.8,10.4,10.3,12.2,11.3,8.6,6.6,5,3.8,3.9,5,,
"Ghana","GHA","Poverty headcount ratio at $1.90 a day (2011 PPP) (% of population)","SI.POV.DDAY",,,,,,,,,,,,,,,,,,,,,,,,,,,,42.6,42.3,,,49.8,,,,,,,35.7,,,,,,,24.5,,,,,,,12,,,,13.3,,,
"Gibraltar","GIB","Poverty headcount ratio at $1.90 a day (2011 PPP) (% of population)","SI.POV.DDAY",,,,,,,,,,,,,,,,,,,,,,,,,,,,,,,,,,,,,,,,,,,,,,,,,,,,,,,,,,,,
"Guinea","GIN","Poverty headcount ratio at $1.90 a day (2011 PPP) (% of population)","SI.POV.DDAY",,,,,,,,,,,,,,,,,,,,,,,,,,,,,,,,91.6,,,49.3,,,,,,,,62.2,,,,,59.7,,,,,35.3,,,,,,,
"Gambia, The","GMB","Poverty headcount ratio at $1.90 a day (2011 PPP) (% of population)","SI.POV.DDAY",,,,,,,,,,,,,,,,,,,,,,,,,,,,,,,,,,,,,,,70.5,,,,,45.3,,,,,,,25.1,,,,,10.1,,,,
"Guinea-Bissau","GNB","Poverty headcount ratio at $1.90 a day (2011 PPP) (% of population)","SI.POV.DDAY",,,,,,,,,,,,,,,,,,,,,,,,,,,,,,,,43,,64,,,,,,,,,53.9,,,,,,,,67.1,,,,,,,,,
"Equatorial Guinea","GNQ","Poverty headcount ratio at $1.90 a day (2011 PPP) (% of population)","SI.POV.DDAY",,,,,,,,,,,,,,,,,,,,,,,,,,,,,,,,,,,,,,,,,,,,,,,,,,,,,,,,,,,,
"Greece","GRC","Poverty headcount ratio at $1.90 a day (2011 PPP) (% of population)","SI.POV.DDAY",,,,,,,,,,,,,,,,,,,,,,,,,,,,,,,,,,,,,,,,,,,,0.5,0.7,0.2,0.5,0.5,0.5,0.5,1,1.2,1.5,1,1.5,1.5,,,,
"Grenada","GRD","Poverty headcount ratio at $1.90 a day (2011 PPP) (% of population)","SI.POV.DDAY",,,,,,,,,,,,,,,,,,,,,,,,,,,,,,,,,,,,,,,,,,,,,,,,,,,,,,,,,,,,
"Greenland","GRL","Poverty headcount ratio at $1.90 a day (2011 PPP) (% of population)","SI.POV.DDAY",,,,,,,,,,,,,,,,,,,,,,,,,,,,,,,,,,,,,,,,,,,,,,,,,,,,,,,,,,,,
"Guatemala","GTM","Poverty headcount ratio at $1.90 a day (2011 PPP) (% of population)","SI.POV.DDAY",,,,,,,,,,,,,,,,,,,,,,,,,,,48.6,,,36.1,,,,,,,,,13.4,,9.2,,,,,,11.1,,,,,,,,8.7,,,,,
"Guam","GUM","Poverty headcount ratio at $1.90 a day (2011 PPP) (% of population)","SI.POV.DDAY",,,,,,,,,,,,,,,,,,,,,,,,,,,,,,,,,,,,,,,,,,,,,,,,,,,,,,,,,,,,
"Guyana","GUY","Poverty headcount ratio at $1.90 a day (2011 PPP) (% of population)","SI.POV.DDAY",,,,,,,,,,,,,,,,,,,,,,,,,,,,,,,,,33.9,,,,,,14,,,,,,,,,,,,,,,,,,,,,
"High income","HIC","Poverty headcount ratio at $1.90 a day (2011 PPP) (% of population)","SI.POV.DDAY",,,,,,,,,,,,,,,,,,,,,,0.7,,,0.7,,,0.7,,,0.6,,,0.6,,,0.7,,,0.6,,,0.6,,,0.6,,,0.5,,0.6,0.6,0.6,0.6,,0.7,,,,
"Hong Kong SAR, China","HKG","Poverty headcount ratio at $1.90 a day (2011 PPP) (% of population)","SI.POV.DDAY",,,,,,,,,,,,,,,,,,,,,,,,,,,,,,,,,,,,,,,,,,,,,,,,,,,,,,,,,,,,
"Honduras","HND","Poverty headcount ratio at $1.90 a day (2011 PPP) (% of population)","SI.POV.DDAY",,,,,,,,,,,,,,,,,,,,,,,,,,,,,,42.2,44.3,33.4,28.7,23.6,26.7,27.7,30.4,21.2,25.9,26.5,,21.3,23.4,28.1,27.2,26.5,22.5,17.2,16.5,13.8,15,17.1,19.6,17.3,15.9,16.2,16,17.2,,
"Heavily indebted poor countries (HIPC)","HPC","Poverty headcount ratio at $1.90 a day (2011 PPP) (% of population)","SI.POV.DDAY",,,,,,,,,,,,,,,,,,,,,,,,,,,,,,,,,,,,,,,,,,,,,,,,,,,,,,,,,,,,
"Croatia","HRV","Poverty headcount ratio at $1.90 a day (2011 PPP) (% of population)","SI.POV.DDAY",,,,,,,,,,,,,,,,,,,,,,,,,,,,,0,,,,,,,,,,,,,,,,,,,,,1,1.2,0.7,0.7,0.7,1,0.7,,,,
"Haiti","HTI","Poverty headcount ratio at $1.90 a day (2011 PPP) (% of population)","SI.POV.DDAY",,,,,,,,,,,,,,,,,,,,,,,,,,,,,,,,,,,,,,,,,,,,,,,,,,,,,25,,,,,,,
"Hungary","HUN","Poverty headcount ratio at $1.90 a day (2011 PPP) (% of population)","SI.POV.DDAY",,,,,,,,,,,,,,,,,,,,,,,,,,,,0.1,,0.1,,,,0.2,,,,,,,,,,,0.2,0.7,0.2,0,0,0,0,0,0.2,0.2,0.7,0.5,,,,
"IBRD only","IBD","Poverty headcount ratio at $1.90 a day (2011 PPP) (% of population)","SI.POV.DDAY",,,,,,,,,,,,,,,,,,,,,,,,,,,,,,,,,,,,,,,,,,,,,,,,,,,,,,,,,,,,
"IDA & IBRD total","IBT","Poverty headcount ratio at $1.90 a day (2011 PPP) (% of population)","SI.POV.DDAY",,,,,,,,,,,,,,,,,,,,,,,,,,,,,,,,,,,,,,,,,,,,,,,,,,,,,,,,,,,,
"IDA total","IDA","Poverty headcount ratio at $1.90 a day (2011 PPP) (% of population)","SI.POV.DDAY",,,,,,,,,,,,,,,,,,,,,,50.8,,,52.9,,,52.8,,,53.7,,,54.4,,,50.7,,,50.6,,,48.3,,,41.7,,,37.7,,35.4,34.2,32.9,31.9,,30.8,,,,
"IDA blend","IDB","Poverty headcount ratio at $1.90 a day (2011 PPP) (% of population)","SI.POV.DDAY",,,,,,,,,,,,,,,,,,,,,,,,,,,,,,,,,,,,,,,,,,,,,,,,,,,,,,,,,,,,
"Indonesia","IDN","Poverty headcount ratio at $1.90 a day (2011 PPP) (% of population)","SI.POV.DDAY",,,,,,,,,,,,,,,,,,,,,,,,,71.4,,,71.4,,,58.8,,,58.5,,,47.4,,66.7,41.7,39.3,35.5,22.8,22.6,23.9,21.1,27.4,22.4,21.8,18.2,15.7,13.3,11.6,9.4,7.9,7.2,6.5,5.7,,
"IDA only","IDX","Poverty headcount ratio at $1.90 a day (2011 PPP) (% of population)","SI.POV.DDAY",,,,,,,,,,,,,,,,,,,,,,,,,,,,,,,,,,,,,,,,,,,,,,,,,,,,,,,,,,,,
"Isle of Man","IMN","Poverty headcount ratio at $1.90 a day (2011 PPP) (% of population)","SI.POV.DDAY",,,,,,,,,,,,,,,,,,,,,,,,,,,,,,,,,,,,,,,,,,,,,,,,,,,,,,,,,,,,
"India","IND","Poverty headcount ratio at $1.90 a day (2011 PPP) (% of population)","SI.POV.DDAY",,,,,,,,,,,,,,,,,,61.6,,,,,,54.8,,,,48.9,,,,,,45.9,,,,,,,,,,,38.2,,,,,31.1,,21.2,,,,,,,,
"Not classified","INX","Poverty headcount ratio at $1.90 a day (2011 PPP) (% of population)","SI.POV.DDAY",,,,,,,,,,,,,,,,,,,,,,,,,,,,,,,,,,,,,,,,,,,,,,,,,,,,,,,,,,,,
"Ireland","IRL","Poverty headcount ratio at $1.90 a day (2011 PPP) (% of population)","SI.POV.DDAY",,,,,,,,,,,,,,,,,,,,,,,,,,,,,,,,,,,,,,,,,,,,0.2,0,0,0.1,0,0.2,0.5,0.5,0.5,0.2,0.7,0.5,0.2,,,,
"Iran, Islamic Rep.","IRN","Poverty headcount ratio at $1.90 a day (2011 PPP) (% of population)","SI.POV.DDAY",,,,,,,,,,,,,,,,,,,,,,,,,,,6.8,,,,5.6,,,,3.2,,,,2.6,,,,,,,0.4,0.4,,,1,,,,0.1,0.2,0.3,0.3,,,
"Iraq","IRQ","Poverty headcount ratio at $1.90 a day (2011 PPP) (% of population)","SI.POV.DDAY",,,,,,,,,,,,,,,,,,,,,,,,,,,,,,,,,,,,,,,,,,,,,,,2.1,,,,,,2.5,,,,,,,
"Iceland","ISL","Poverty headcount ratio at $1.90 a day (2011 PPP) (% of population)","SI.POV.DDAY",,,,,,,,,,,,,,,,,,,,,,,,,,,,,,,,,,,,,,,,,,,,0,0.2,0,0.2,0,0,0,0.2,0.2,0,0,0,,,,,
"Israel","ISR","Poverty headcount ratio at $1.90 a day (2011 PPP) (% of population)","SI.POV.DDAY",,,,,,,,,,,,,,,,,,,,0,,,,,,,0.2,,,,,,0.2,,,,,0.2,,,,0.2,,,,0.5,,0.5,,,0.2,,0.5,,0.5,,0.2,,,
"Italy","ITA","Poverty headcount ratio at $1.90 a day (2011 PPP) (% of population)","SI.POV.DDAY",,,,,,,,,,,,,,,,,,,,,,,,,,,,,,,,,,,,,,,,,,,,0.7,0.7,0.7,0.7,0.7,0.7,1,1.2,1.2,1.2,1.4,1.2,2,,,,
"Jamaica","JAM","Poverty headcount ratio at $1.90 a day (2011 PPP) (% of population)","SI.POV.DDAY",,,,,,,,,,,,,,,,,,,,,,,,,,,,,6.2,,4.6,,,9.9,,,3.4,,,2.6,,,2.8,,1.7,,,,,,,,,,,,,,,
"Jordan","JOR","Poverty headcount ratio at $1.90 a day (2011 PPP) (% of population)","SI.POV.DDAY",,,,,,,,,,,,,,,,,,,,,,,,,,,0,,,,,,2.9,,,,,1.6,,,,,1.1,,,,0.3,,0.1,,0.1,,,,,,,,,
"Japan","JPN","Poverty headcount ratio at $1.90 a day (2011 PPP) (% of population)","SI.POV.DDAY",,,,,,,,,,,,,,,,,,,,,,,,,,,,,,,,,,,,,,,,,,,,,,,,,0.2,,,,,,,,,,,
"Kazakhstan","KAZ","Poverty headcount ratio at $1.90 a day (2011 PPP) (% of population)","SI.POV.DDAY",,,,,,,,,,,,,,,,,,,,,,,,,,,,,,,,,,,,,6.3,,,,,10.3,6.8,4.6,2.3,6.9,0.6,0.3,0.1,0.2,0.1,0,0,0,0,0,0,0,,
"Kenya","KEN","Poverty headcount ratio at $1.90 a day (2011 PPP) (% of population)","SI.POV.DDAY",,,,,,,,,,,,,,,,,,,,,,,,,,,,,,,,,31.4,,31.5,,,31.9,,,,,,,,43.7,,,,,,,,,,36.8,,,,
"Kyrgyz Republic","KGZ","Poverty headcount ratio at $1.90 a day (2011 PPP) (% of population)","SI.POV.DDAY",,,,,,,,,,,,,,,,,,,,,,,,,,,,,,,,,,,,,,,30.6,,42.1,36.4,34.1,28.1,13.6,15.3,9.9,9.9,4,2.1,4.1,1.8,2.9,3.3,1.3,2.5,1.4,1.5,,
"Cambodia","KHM","Poverty headcount ratio at $1.90 a day (2011 PPP) (% of population)","SI.POV.DDAY",,,,,,,,,,,,,,,,,,,,,,,,,,,,,,,,,,,,,,,,,,,,,,,,,,,,,,,,,,,,
"Kiribati","KIR","Poverty headcount ratio at $1.90 a day (2011 PPP) (% of population)","SI.POV.DDAY",,,,,,,,,,,,,,,,,,,,,,,,,,,,,,,,,,,,,,,,,,,,,,,12.9,,,,,,,,,,,,,
"St. Kitts and Nevis","KNA","Poverty headcount ratio at $1.90 a day (2011 PPP) (% of population)","SI.POV.DDAY",,,,,,,,,,,,,,,,,,,,,,,,,,,,,,,,,,,,,,,,,,,,,,,,,,,,,,,,,,,,
"Korea, Rep.","KOR","Poverty headcount ratio at $1.90 a day (2011 PPP) (% of population)","SI.POV.DDAY",,,,,,,,,,,,,,,,,,,,,,,,,,,,,,,,,,,,,,,,,,,,,,,0.2,,0.2,,0.5,,0.2,,,,,,,
"Kuwait","KWT","Poverty headcount ratio at $1.90 a day (2011 PPP) (% of population)","SI.POV.DDAY",,,,,,,,,,,,,,,,,,,,,,,,,,,,,,,,,,,,,,,,,,,,,,,,,,,,,,,,,,,,
"Latin America & Caribbean (excluding high income)","LAC","Poverty headcount ratio at $1.90 a day (2011 PPP) (% of population)","SI.POV.DDAY",,,,,,,,,,,,,,,,,,,,,,,,,,,,,,,,,,,,,,,,,,,,,,,,,,,,,,,,,,,,
"Lao PDR","LAO","Poverty headcount ratio at $1.90 a day (2011 PPP) (% of population)","SI.POV.DDAY",,,,,,,,,,,,,,,,,,,,,,,,,,,,,,,,,32.2,,,,,52.4,,,,,33.8,,,,,27,,,,,22.7,,,,,,,
"Lebanon","LBN","Poverty headcount ratio at $1.90 a day (2011 PPP) (% of population)","SI.POV.DDAY",,,,,,,,,,,,,,,,,,,,,,,,,,,,,,,,,,,,,,,,,,,,,,,,,,,,0,,,,,,,,
"Liberia","LBR","Poverty headcount ratio at $1.90 a day (2011 PPP) (% of population)","SI.POV.DDAY",,,,,,,,,,,,,,,,,,,,,,,,,,,,,,,,,,,,,,,,,,,,,,,,68.6,,,,,,,38.6,,40.9,,,
"Libya","LBY","Poverty headcount ratio at $1.90 a day (2011 PPP) (% of population)","SI.POV.DDAY",,,,,,,,,,,,,,,,,,,,,,,,,,,,,,,,,,,,,,,,,,,,,,,,,,,,,,,,,,,,
"St. Lucia","LCA","Poverty headcount ratio at $1.90 a day (2011 PPP) (% of population)","SI.POV.DDAY",,,,,,,,,,,,,,,,,,,,,,,,,,,,,,,,,,,,35.8,,,,,,,,,,,,,,,,,,,,,4.7,,,
"Latin America & Caribbean","LCN","Poverty headcount ratio at $1.90 a day (2011 PPP) (% of population)","SI.POV.DDAY",,,,,,,,,,,,,,,,,,,,,,13.5,,,16.5,,,13.5,,,14.8,,,14,,,13.7,,,13.5,,,11.8,,,9.9,,,6.9,,6.2,5.7,4.7,4.6,,3.9,,,,
"Least developed countries: UN classification","LDC","Poverty headcount ratio at $1.90 a day (2011 PPP) (% of population)","SI.POV.DDAY",,,,,,,,,,,,,,,,,,,,,,,,,,,,,,,,,,,,,,,,,,,,,,,,,,,,,,,,,,,,
"Low income","LIC","Poverty headcount ratio at $1.90 a day (2011 PPP) (% of population)","SI.POV.DDAY",,,,,,,,,,,,,,,,,,,,,,59.8,,,61.4,,,61.5,,,63,,,67.6,,,66.8,,,65.3,,,62.2,,,55.7,,,51.3,,49,47.7,46.1,45.1,,45,,,,
"Liechtenstein","LIE","Poverty headcount ratio at $1.90 a day (2011 PPP) (% of population)","SI.POV.DDAY",,,,,,,,,,,,,,,,,,,,,,,,,,,,,,,,,,,,,,,,,,,,,,,,,,,,,,,,,,,,
"Sri Lanka","LKA","Poverty headcount ratio at $1.90 a day (2011 PPP) (% of population)","SI.POV.DDAY",,,,,,,,,,,,,,,,,,,,,,,,,,13.3,,,,,8.7,,,,,8.8,,,,,,,8.3,,,,3.8,,,2.4,,,1.9,,,,0.8,,,
"Lower middle income","LMC","Poverty headcount ratio at $1.90 a day (2011 PPP) (% of population)","SI.POV.DDAY",,,,,,,,,,,,,,,,,,,,,,51.6,,,50,,,48.2,,,45,,,43.8,,,39.6,,,38.1,,,35.2,,,31,,,27.4,,23.3,20,18.6,16.9,,14.1,,,,
"Low & middle income","LMY","Poverty headcount ratio at $1.90 a day (2011 PPP) (% of population)","SI.POV.DDAY",,,,,,,,,,,,,,,,,,,,,,53.1,,,49,,,43.8,,,44.1,,,41.6,,,35.8,,,34.6,,,30.7,,,24.8,,,21.7,,18.8,16.3,15.2,13.3,,11.8,,,,
"Lesotho","LSO","Poverty headcount ratio at $1.90 a day (2011 PPP) (% of population)","SI.POV.DDAY",,,,,,,,,,,,,,,,,,,,,,,,,,,49.4,,,,,,,,50.2,,,,,,,,61.3,,,,,,,,59.7,,,,,,,,,
"Late-demographic dividend","LTE","Poverty headcount ratio at $1.90 a day (2011 PPP) (% of population)","SI.POV.DDAY",,,,,,,,,,,,,,,,,,,,,,,,,,,,,,,,,,,,,,,,,,,,,,,,,,,,,,,,,,,,
"Lithuania","LTU","Poverty headcount ratio at $1.90 a day (2011 PPP) (% of population)","SI.POV.DDAY",,,,,,,,,,,,,,,,,,,,,,,,,,,,,,,,,,7,,,,,,,,,,,2.7,1.7,1.5,1.2,1.5,2.2,1.5,0.7,1,0.7,1.2,0.7,,,,
"Luxembourg","LUX","Poverty headcount ratio at $1.90 a day (2011 PPP) (% of population)","SI.POV.DDAY",,,,,,,,,,,,,,,,,,,,,,,,,,,,,,,,,,,,,,,,,,,,0,0,0,0,0,0,0,0,0,0,0.1,0.2,0.2,,,,
"Latvia","LVA","Poverty headcount ratio at $1.90 a day (2011 PPP) (% of population)","SI.POV.DDAY",,,,,,,,,,,,,,,,,,,,,,,,,,,,,,,,,,0,,0,1.6,,,,,,,,2.5,2.2,1.5,0.5,1.2,1.7,1.7,1,1,1.2,0.7,0.7,,,,
"Macao SAR, China","MAC","Poverty headcount ratio at $1.90 a day (2011 PPP) (% of population)","SI.POV.DDAY",,,,,,,,,,,,,,,,,,,,,,,,,,,,,,,,,,,,,,,,,,,,,,,,,,,,,,,,,,,,
"St. Martin (French part)","MAF","Poverty headcount ratio at $1.90 a day (2011 PPP) (% of population)","SI.POV.DDAY",,,,,,,,,,,,,,,,,,,,,,,,,,,,,,,,,,,,,,,,,,,,,,,,,,,,,,,,,,,,
"Morocco","MAR","Poverty headcount ratio at $1.90 a day (2011 PPP) (% of population)","SI.POV.DDAY",,,,,,,,,,,,,,,,,,,,,,,,,11.1,,,,,,2.9,,,,,,,,7.5,,6.3,,,,,,3.1,,,,,,,1,,,,,,
"Monaco","MCO","Poverty headcount ratio at $1.90 a day (2011 PPP) (% of population)","SI.POV.DDAY",,,,,,,,,,,,,,,,,,,,,,,,,,,,,,,,,,,,,,,,,,,,,,,,,,,,,,,,,,,,
"Moldova","MDA","Poverty headcount ratio at $1.90 a day (2011 PPP) (% of population)","SI.POV.DDAY",,,,,,,,,,,,,,,,,,,,,,,,,,,,,,,,,,,,,,15.7,27.2,38.5,35.7,27.2,16.3,7.5,8.6,13.9,2.4,1.1,1.3,1,0.5,0.3,0.3,0.1,0,0,0.2,0.1,,
"Madagascar","MDG","Poverty headcount ratio at $1.90 a day (2011 PPP) (% of population)","SI.POV.DDAY",,,,,,,,,,,,,,,,,,,,,46.1,,,,,,,,,,,,,70.3,,,,66.8,,64.2,,68.7,,,,72,,,,,78.5,,77.6,,,,,,,
"Maldives","MDV","Poverty headcount ratio at $1.90 a day (2011 PPP) (% of population)","SI.POV.DDAY",,,,,,,,,,,,,,,,,,,,,,,,,,,,,,,,,,,,,,,,,,,10,,,,,,,7.3,,,,,,,,,,
"Middle East & North Africa","MEA","Poverty headcount ratio at $1.90 a day (2011 PPP) (% of population)","SI.POV.DDAY",,,,,,,,,,,,,,,,,,,,,,,,,8.9,,,8.1,,,6.2,,,7,,,6.2,,,3.8,,,3.4,,,3.1,,,2.7,,2,2.4,2.4,2.4,,4.2,,,,
"Mexico","MEX","Poverty headcount ratio at $1.90 a day (2011 PPP) (% of population)","SI.POV.DDAY",,,,,,,,,,,,,,,,,,,,,,,,,,,,,,7.1,,,9.5,,9.9,,20.7,,15.9,,9.1,,6.7,,6,6.7,4.2,,5.5,,4.6,,3.9,,3.8,,2.2,,,
"Marshall Islands","MHL","Poverty headcount ratio at $1.90 a day (2011 PPP) (% of population)","SI.POV.DDAY",,,,,,,,,,,,,,,,,,,,,,,,,,,,,,,,,,,,,,,,,,,,,,,,,,,,,,,,,,,,
"Middle income","MIC","Poverty headcount ratio at $1.90 a day (2011 PPP) (% of population)","SI.POV.DDAY",,,,,,,,,,,,,,,,,,,,,,,,,,,,,,,,,,,,,,,,,,,,,,,,,,,,,,,,,,,,
"North Macedonia","MKD","Poverty headcount ratio at $1.90 a day (2011 PPP) (% of population)","SI.POV.DDAY",,,,,,,,,,,,,,,,,,,,,,,,,,,,,,,,,,,,,,,,,,,,,,,,,,9.6,10.4,8.8,6.8,5.2,4.4,5.2,,,,
"Mali","MLI","Poverty headcount ratio at $1.90 a day (2011 PPP) (% of population)","SI.POV.DDAY",,,,,,,,,,,,,,,,,,,,,,,,,,,,,,,,,,,85.1,,,,,,,58.5,,,,,51.2,,,49.7,,,,,,,,,,
"Malta","MLT","Poverty headcount ratio at $1.90 a day (2011 PPP) (% of population)","SI.POV.DDAY",,,,,,,,,,,,,,,,,,,,,,,,,,,,,,,,,,,,,,,,,,,,,,,0.5,0.5,0.2,0.5,0.2,0.2,0.2,0,0,0,,,,
"Myanmar","MMR","Poverty headcount ratio at $1.90 a day (2011 PPP) (% of population)","SI.POV.DDAY",,,,,,,,,,,,,,,,,,,,,,,,,,,,,,,,,,,,,,,,,,,,,,,,,,,,,,,,6.2,,,,
"Middle East & North Africa (excluding high income)","MNA","Poverty headcount ratio at $1.90 a day (2011 PPP) (% of population)","SI.POV.DDAY",,,,,,,,,,,,,,,,,,,,,,,,,,,,,,,,,,,,,,,,,,,,,,,,,,,,,,,,,,,,
"Montenegro","MNE","Poverty headcount ratio at $1.90 a day (2011 PPP) (% of population)","SI.POV.DDAY",,,,,,,,,,,,,,,,,,,,,,,,,,,,,,,,,,,,,,,,,,,,,,0.2,0.1,0.4,0.2,0,0,0.2,1.3,1,0,,,,,
"Mongolia","MNG","Poverty headcount ratio at $1.90 a day (2011 PPP) (% of population)","SI.POV.DDAY",,,,,,,,,,,,,,,,,,,,,,,,,,,,,,,,,,,,12.7,,,25.2,,,,9.7,,,,,1.3,,,0.8,0.6,0.4,,0.2,,0.6,,,
"Northern Mariana Islands","MNP","Poverty headcount ratio at $1.90 a day (2011 PPP) (% of population)","SI.POV.DDAY",,,,,,,,,,,,,,,,,,,,,,,,,,,,,,,,,,,,,,,,,,,,,,,,,,,,,,,,,,,,
"Mozambique","MOZ","Poverty headcount ratio at $1.90 a day (2011 PPP) (% of population)","SI.POV.DDAY",,,,,,,,,,,,,,,,,,,,,,,,,,,,,,,,,,,,,82.9,,,,,,81,,,,,,69.1,,,,,,62.4,,,,,
"Mauritania","MRT","Poverty headcount ratio at $1.90 a day (2011 PPP) (% of population)","SI.POV.DDAY",,,,,,,,,,,,,,,,,,,,,,,,,,,,40,,,,,,41.1,,20.6,,,,,19.6,,,,14.4,,,,10.8,,,,,,6,,,,,
"Mauritius","MUS","Poverty headcount ratio at $1.90 a day (2011 PPP) (% of population)","SI.POV.DDAY",,,,,,,,,,,,,,,,,,,,,,,,,,,,,,,,,,,,,,,,,,,,,,,0.4,,,,,,0.5,,,,,,,
"Malawi","MWI","Poverty headcount ratio at $1.90 a day (2011 PPP) (% of population)","SI.POV.DDAY",,,,,,,,,,,,,,,,,,,,,,,,,,,,,,,,,,,,,,63.3,,,,,,,73.4,,,,,,71.7,,,,,,70.3,,,
"Malaysia","MYS","Poverty headcount ratio at $1.90 a day (2011 PPP) (% of population)","SI.POV.DDAY",,,,,,,,,,,,,,,,,,,,,,,,,2.9,,,2.1,,1.6,,,1.3,,,1.8,,0.4,,,,,,,0.4,,,0.5,0.5,,,0.1,,0,,0,,,,
"North America","NAC","Poverty headcount ratio at $1.90 a day (2011 PPP) (% of population)","SI.POV.DDAY",,,,,,,,,,,,,,,,,,,,,,,,,,,,,,,,,,,,,,,,,,,,,,,,,,,,,,,,,,,,
"Namibia","NAM","Poverty headcount ratio at $1.90 a day (2011 PPP) (% of population)","SI.POV.DDAY",,,,,,,,,,,,,,,,,,,,,,,,,,,,,,,,,,,,,,,,,,,,31.5,,,,,,22.6,,,,,,13.4,,,,
"New Caledonia","NCL","Poverty headcount ratio at $1.90 a day (2011 PPP) (% of population)","SI.POV.DDAY",,,,,,,,,,,,,,,,,,,,,,,,,,,,,,,,,,,,,,,,,,,,,,,,,,,,,,,,,,,,
"Niger","NER","Poverty headcount ratio at $1.90 a day (2011 PPP) (% of population)","SI.POV.DDAY",,,,,,,,,,,,,,,,,,,,,,,,,,,,,,,,,78.2,,81.4,,,,,,,,,,,74.9,,72,,,,50.3,,,44.5,,,,,
"Nigeria","NGA","Poverty headcount ratio at $1.90 a day (2011 PPP) (% of population)","SI.POV.DDAY",,,,,,,,,,,,,,,,,,,,,,,,,,53.3,,,,,,,57.1,,,,63.5,,,,,,,53.5,,,,,,53.5,,,,,,,,,,
"Nicaragua","NIC","Poverty headcount ratio at $1.90 a day (2011 PPP) (% of population)","SI.POV.DDAY",,,,,,,,,,,,,,,,,,,,,,,,,,,,,,,,,,36.3,,,,,24.2,,,16.5,,,,8.3,,,,7.3,,,,,3.2,,,,,
"Netherlands","NLD","Poverty headcount ratio at $1.90 a day (2011 PPP) (% of population)","SI.POV.DDAY",,,,,,,,,,,,,,,,,,,,,,,,,,,,,,,,,,,,,,,,,,,,,0.2,0,0,0,0,0.2,0,0,0,0,0,0,,,,
"Norway","NOR","Poverty headcount ratio at $1.90 a day (2011 PPP) (% of population)","SI.POV.DDAY",,,,,,,,,,,,,,,,,,,,,,,,,,,,,,,,,,,,,,,,,,,,0.2,0.2,0.2,0.2,0.2,0.2,0,0,0,0,0,0,0.2,,,,
"Nepal","NPL","Poverty headcount ratio at $1.90 a day (2011 PPP) (% of population)","SI.POV.DDAY",,,,,,,,,,,,,,,,,,,,,,,,,,,,,,,,,,,,61.9,,,,,,,,46.1,,,,,,,15,,,,,,,,,
"Nauru","NRU","Poverty headcount ratio at $1.90 a day (2011 PPP) (% of population)","SI.POV.DDAY",,,,,,,,,,,,,,,,,,,,,,,,,,,,,,,,,,,,,,,,,,,,,,,,,,,,,,,,,,,,
"New Zealand","NZL","Poverty headcount ratio at $1.90 a day (2011 PPP) (% of population)","SI.POV.DDAY",,,,,,,,,,,,,,,,,,,,,,,,,,,,,,,,,,,,,,,,,,,,,,,,,,,,,,,,,,,,
"OECD members","OED","Poverty headcount ratio at $1.90 a day (2011 PPP) (% of population)","SI.POV.DDAY",,,,,,,,,,,,,,,,,,,,,,,,,,,,,,,,,,,,,,,,,,,,,,,,,,,,,,,,,,,,
"Oman","OMN","Poverty headcount ratio at $1.90 a day (2011 PPP) (% of population)","SI.POV.DDAY",,,,,,,,,,,,,,,,,,,,,,,,,,,,,,,,,,,,,,,,,,,,,,,,,,,,,,,,,,,,
"Other small states","OSS","Poverty headcount ratio at $1.90 a day (2011 PPP) (% of population)","SI.POV.DDAY",,,,,,,,,,,,,,,,,,,,,,,,,,,,,,,,,,,,,,,,,,,,,,,,,,,,,,,,,,,,
"Pakistan","PAK","Poverty headcount ratio at $1.90 a day (2011 PPP) (% of population)","SI.POV.DDAY",,,,,,,,,,,,,,,,,,,,,,,,,,,,62.2,,,58.9,,,,,,15.9,,23.4,,,28.6,,,18,16.5,,13.2,,,8.3,7.9,,6.1,,3.9,,,,
"Panama","PAN","Poverty headcount ratio at $1.90 a day (2011 PPP) (% of population)","SI.POV.DDAY",,,,,,,,,,,,,,,,,,,,8.1,,,,,,,,,,23.9,,21.9,,,,16.3,,15,15.2,13.4,12.4,15.5,11.2,11.2,10.1,10,10.5,7.8,5.2,3.2,4.5,3,4.1,2.8,3.5,2,2.2,2.5,,
"Peru","PER","Poverty headcount ratio at $1.90 a day (2011 PPP) (% of population)","SI.POV.DDAY",,,,,,,,,,,,,,,,,,,,,,,,,,,,,,,,,,,,,,17.9,16.7,17.6,16.3,17.2,15,11.7,13.5,15.3,13.3,11,9,7,5.5,5.2,4.7,4.3,3.7,3.6,3.5,3.4,,
"Philippines","PHL","Poverty headcount ratio at $1.90 a day (2011 PPP) (% of population)","SI.POV.DDAY",,,,,,,,,,,,,,,,,,,,,,,,,,,,,,,,,,,,,,,,,13.9,,,13.2,,,14.5,,,10.9,,,10.5,,,6.1,,,,
"Palau","PLW","Poverty headcount ratio at $1.90 a day (2011 PPP) (% of population)","SI.POV.DDAY",,,,,,,,,,,,,,,,,,,,,,,,,,,,,,,,,,,,,,,,,,,,,,,,,,,,,,,,,,,,
"Papua New Guinea","PNG","Poverty headcount ratio at $1.90 a day (2011 PPP) (% of population)","SI.POV.DDAY",,,,,,,,,,,,,,,,,,,,,,,,,,,,,,,,,,,,,53.2,,,,,,,,,,,,,38,,,,,,,,,,
"Poland","POL","Poverty headcount ratio at $1.90 a day (2011 PPP) (% of population)","SI.POV.DDAY",,,,,,,,,,,,,,,,,,,,,,,,,,0.2,,0.1,,0.1,,,,,,,,,,,,,,,2.2,1,0.7,0.5,0.2,0.2,0.2,0.2,0.2,0.5,0.5,0.5,,,,
"Pre-demographic dividend","PRE","Poverty headcount ratio at $1.90 a day (2011 PPP) (% of population)","SI.POV.DDAY",,,,,,,,,,,,,,,,,,,,,,,,,,,,,,,,,,,,,,,,,,,,,,,,,,,,,,,,,,,,
"Puerto Rico","PRI","Poverty headcount ratio at $1.90 a day (2011 PPP) (% of population)","SI.POV.DDAY",,,,,,,,,,,,,,,,,,,,,,,,,,,,,,,,,,,,,,,,,,,,,,,,,,,,,,,,,,,,
"Korea, Dem. Peopleâ€™s Rep.","PRK","Poverty headcount ratio at $1.90 a day (2011 PPP) (% of population)","SI.POV.DDAY",,,,,,,,,,,,,,,,,,,,,,,,,,,,,,,,,,,,,,,,,,,,,,,,,,,,,,,,,,,,
"Portugal","PRT","Poverty headcount ratio at $1.90 a day (2011 PPP) (% of population)","SI.POV.DDAY",,,,,,,,,,,,,,,,,,,,,,,,,,,,,,,,,,,,,,,,,,,,1,0.5,0.5,0,0.2,0.2,0.2,0.2,0.5,0.7,0.7,0.5,0.5,,,,
"Paraguay","PRY","Poverty headcount ratio at $1.90 a day (2011 PPP) (% of population)","SI.POV.DDAY",,,,,,,,,,,,,,,,,,,,,,,,,,,,,,,1.2,,,,,12.4,,10.6,,10.2,,8.9,13.2,8.3,5.7,6.1,7.9,7.8,4.3,5.8,5.5,5,3.3,1.8,2.4,1.9,1.7,1.2,,
"West Bank and Gaza","PSE","Poverty headcount ratio at $1.90 a day (2011 PPP) (% of population)","SI.POV.DDAY",,,,,,,,,,,,,,,,,,,,,,,,,,,,,,,,,,,,,,,,,,,,,1.1,0.9,0.3,1.5,,0.3,0.2,0.2,,,,,1,,,
"Pacific island small states","PSS","Poverty headcount ratio at $1.90 a day (2011 PPP) (% of population)","SI.POV.DDAY",,,,,,,,,,,,,,,,,,,,,,,,,,,,,,,,,,,,,,,,,,,,,,,,,,,,,,,,,,,,
"Post-demographic dividend","PST","Poverty headcount ratio at $1.90 a day (2011 PPP) (% of population)","SI.POV.DDAY",,,,,,,,,,,,,,,,,,,,,,,,,,,,,,,,,,,,,,,,,,,,,,,,,,,,,,,,,,,,
"French Polynesia","PYF","Poverty headcount ratio at $1.90 a day (2011 PPP) (% of population)","SI.POV.DDAY",,,,,,,,,,,,,,,,,,,,,,,,,,,,,,,,,,,,,,,,,,,,,,,,,,,,,,,,,,,,
"Qatar","QAT","Poverty headcount ratio at $1.90 a day (2011 PPP) (% of population)","SI.POV.DDAY",,,,,,,,,,,,,,,,,,,,,,,,,,,,,,,,,,,,,,,,,,,,,,,,,,,,,,,,,,,,
"Romania","ROU","Poverty headcount ratio at $1.90 a day (2011 PPP) (% of population)","SI.POV.DDAY",,,,,,,,,,,,,,,,,,,,,,,,,,,,,,0.3,,,0.6,,10.7,,,,,,,,,,,,8,5.7,4.5,3.5,4.5,5.7,6.7,7.2,7.5,5.7,,,,
"Russian Federation","RUS","Poverty headcount ratio at $1.90 a day (2011 PPP) (% of population)","SI.POV.DDAY",,,,,,,,,,,,,,,,,,,,,,,,,,,,,,,,,,2.4,,,3.6,1.1,1.7,3.4,2.2,1.3,0.7,0.8,0.7,0.5,0.3,0.1,0.1,0,0.1,0,0,0,0,0,,,,
"Rwanda","RWA","Poverty headcount ratio at $1.90 a day (2011 PPP) (% of population)","SI.POV.DDAY",,,,,,,,,,,,,,,,,,,,,,,,,63,,,,,,,,,,,,,,,,77.2,,,,,68.3,,,,,62.3,,,56.8,,,55.5,,,
"South Asia","SAS","Poverty headcount ratio at $1.90 a day (2011 PPP) (% of population)","SI.POV.DDAY",,,,,,,,,,,,,,,,,,,,,,55.7,,,53,,,50.1,,,47.3,,,44.9,,,40.3,,,,,,38.6,,,33.7,,,29.5,,24.6,19.8,18.2,16.1,,,,,,
"Saudi Arabia","SAU","Poverty headcount ratio at $1.90 a day (2011 PPP) (% of population)","SI.POV.DDAY",,,,,,,,,,,,,,,,,,,,,,,,,,,,,,,,,,,,,,,,,,,,,,,,,,,,,,,,,,,,
"Sudan","SDN","Poverty headcount ratio at $1.90 a day (2011 PPP) (% of population)","SI.POV.DDAY",,,,,,,,,,,,,,,,,,,,,,,,,,,,,,,,,,,,,,,,,,,,,,,,,,14.9,,,,,,,,,,
"Senegal","SEN","Poverty headcount ratio at $1.90 a day (2011 PPP) (% of population)","SI.POV.DDAY",,,,,,,,,,,,,,,,,,,,,,,,,,,,,,,,67.9,,,56.6,,,,,,,48.3,,,,37.4,,,,,,38,,,,,,,,
"Singapore","SGP","Poverty headcount ratio at $1.90 a day (2011 PPP) (% of population)","SI.POV.DDAY",,,,,,,,,,,,,,,,,,,,,,,,,,,,,,,,,,,,,,,,,,,,,,,,,,,,,,,,,,,,
"Solomon Islands","SLB","Poverty headcount ratio at $1.90 a day (2011 PPP) (% of population)","SI.POV.DDAY",,,,,,,,,,,,,,,,,,,,,,,,,,,,,,,,,,,,,,,,,,,,,,45.6,,,,,,,,25.1,,,,,,
"Sierra Leone","SLE","Poverty headcount ratio at $1.90 a day (2011 PPP) (% of population)","SI.POV.DDAY",,,,,,,,,,,,,,,,,,,,,,,,,,,,,,66.7,,,,,,,,,,,,,,60.6,,,,,,,,52.2,,,,,,,,
"El Salvador","SLV","Poverty headcount ratio at $1.90 a day (2011 PPP) (% of population)","SI.POV.DDAY",,,,,,,,,,,,,,,,,,,,,,,,,,,,,,18,,20.7,,,,12.5,14.1,,20,16.3,12.2,13.5,14,14.8,10.9,10.4,6.9,4.5,6.7,6.4,5.5,4.5,4.1,3.2,3,1.9,2.2,1.9,,
"San Marino","SMR","Poverty headcount ratio at $1.90 a day (2011 PPP) (% of population)","SI.POV.DDAY",,,,,,,,,,,,,,,,,,,,,,,,,,,,,,,,,,,,,,,,,,,,,,,,,,,,,,,,,,,,
"Somalia","SOM","Poverty headcount ratio at $1.90 a day (2011 PPP) (% of population)","SI.POV.DDAY",,,,,,,,,,,,,,,,,,,,,,,,,,,,,,,,,,,,,,,,,,,,,,,,,,,,,,,,,,,,
"Serbia","SRB","Poverty headcount ratio at $1.90 a day (2011 PPP) (% of population)","SI.POV.DDAY",,,,,,,,,,,,,,,,,,,,,,,,,,,,,,,,,,,,,,,,,,,,,,,,,,,,,5.5,6.7,5.7,5.5,,,,
"Sub-Saharan Africa (excluding high income)","SSA","Poverty headcount ratio at $1.90 a day (2011 PPP) (% of population)","SI.POV.DDAY",,,,,,,,,,,,,,,,,,,,,,,,,,,,,,,,,,,,,,,,,,,,,,,,,,,,,,,,,,,,
"South Sudan","SSD","Poverty headcount ratio at $1.90 a day (2011 PPP) (% of population)","SI.POV.DDAY",,,,,,,,,,,,,,,,,,,,,,,,,,,,,,,,,,,,,,,,,,,,,,,,,,42.7,,,,,,,,,,
"Sub-Saharan Africa","SSF","Poverty headcount ratio at $1.90 a day (2011 PPP) (% of population)","SI.POV.DDAY",,,,,,,,,,,,,,,,,,,,,,,,,,,,,,,54.7,,,59.6,,,58.9,,,58.3,,,55.3,,,50.8,,,48,,46.5,45.1,43.9,42.6,,41.4,,,,
"Small states","SST","Poverty headcount ratio at $1.90 a day (2011 PPP) (% of population)","SI.POV.DDAY",,,,,,,,,,,,,,,,,,,,,,,,,,,,,,,,,,,,,,,,,,,,,,,,,,,,,,,,,,,,
"Sao Tome and Principe","STP","Poverty headcount ratio at $1.90 a day (2011 PPP) (% of population)","SI.POV.DDAY",,,,,,,,,,,,,,,,,,,,,,,,,,,,,,,,,,,,,,,,,29.8,,,,,,,,,,32.3,,,,,,,,,
"Suriname","SUR","Poverty headcount ratio at $1.90 a day (2011 PPP) (% of population)","SI.POV.DDAY",,,,,,,,,,,,,,,,,,,,,,,,,,,,,,,,,,,,,,,,23.4,,,,,,,,,,,,,,,,,,,,
"Slovak Republic","SVK","Poverty headcount ratio at $1.90 a day (2011 PPP) (% of population)","SI.POV.DDAY",,,,,,,,,,,,,,,,,,,,,,,,,,,,,,,,,,,,,0.5,,,,,,,,0,0.2,0.2,0.2,0.5,0.4,0.5,0.5,0.2,0.2,0.7,0.7,,,,
"Slovenia","SVN","Poverty headcount ratio at $1.90 a day (2011 PPP) (% of population)","SI.POV.DDAY",,,,,,,,,,,,,,,,,,,,,,,,,,,,,,,,,,0,,,,,,,,,,,0,0,0,0,0,0,0,0,0,0,0,0,,,,
"Sweden","SWE","Poverty headcount ratio at $1.90 a day (2011 PPP) (% of population)","SI.POV.DDAY",,,,,,,,,,,,,,,,,,,,,,,,,,,,,,,,,,,,,,,,,,,,0.2,0.5,0.9,0.2,0.5,0.5,0.5,0.5,0.5,0.5,0.7,0.5,0.5,,,,
"Eswatini","SWZ","Poverty headcount ratio at $1.90 a day (2011 PPP) (% of population)","SI.POV.DDAY",,,,,,,,,,,,,,,,,,,,,,,,,,,,,,,,,,,81.7,,,,,,48.4,,,,,,,,,42,,,,,,,,,,
"Sint Maarten (Dutch part)","SXM","Poverty headcount ratio at $1.90 a day (2011 PPP) (% of population)","SI.POV.DDAY",,,,,,,,,,,,,,,,,,,,,,,,,,,,,,,,,,,,,,,,,,,,,,,,,,,,,,,,,,,,
"Seychelles","SYC","Poverty headcount ratio at $1.90 a day (2011 PPP) (% of population)","SI.POV.DDAY",,,,,,,,,,,,,,,,,,,,,,,,,,,,,,,,,,,,,,,,,,,,,,,,,,,,,,1.1,,,,,,
"Syrian Arab Republic","SYR","Poverty headcount ratio at $1.90 a day (2011 PPP) (% of population)","SI.POV.DDAY",,,,,,,,,,,,,,,,,,,,,,,,,,,,,,,,,,,,,,,,,,,,,1.7,,,,,,,,,,,,,,,
"Turks and Caicos Islands","TCA","Poverty headcount ratio at $1.90 a day (2011 PPP) (% of population)","SI.POV.DDAY",,,,,,,,,,,,,,,,,,,,,,,,,,,,,,,,,,,,,,,,,,,,,,,,,,,,,,,,,,,,
"Chad","TCD","Poverty headcount ratio at $1.90 a day (2011 PPP) (% of population)","SI.POV.DDAY",,,,,,,,,,,,,,,,,,,,,,,,,,,,,,,,,,,,,,,,,,,,62.9,,,,,,,,38.4,,,,,,,,
"East Asia & Pacific (IDA & IBRD countries)","TEA","Poverty headcount ratio at $1.90 a day (2011 PPP) (% of population)","SI.POV.DDAY",,,,,,,,,,,,,,,,,,,,,,,,,,,,,,,,,,,,,,,,,,,,,,,,,,,,,,,,,,,,
"Europe & Central Asia (IDA & IBRD countries)","TEC","Poverty headcount ratio at $1.90 a day (2011 PPP) (% of population)","SI.POV.DDAY",,,,,,,,,,,,,,,,,,,,,,,,,,,,,,,,,,,,,,,,,,,,,,,,,,,,,,,,,,,,
"Togo","TGO","Poverty headcount ratio at $1.90 a day (2011 PPP) (% of population)","SI.POV.DDAY",,,,,,,,,,,,,,,,,,,,,,,,,,,,,,,,,,,,,,,,,,,,,,,55.6,,,,,54.2,,,,49.2,,,,
"Thailand","THA","Poverty headcount ratio at $1.90 a day (2011 PPP) (% of population)","SI.POV.DDAY",,,,,,,,,,,,,,,,,,,,,,19.6,,,,,,,14.3,,9.4,,6.6,,3.2,,2.2,,1.5,2.5,2.5,,1.1,,0.8,,0.7,0.3,0.1,0.2,0.1,0,0.1,0,0,0,0,0,,
"Tajikistan","TJK","Poverty headcount ratio at $1.90 a day (2011 PPP) (% of population)","SI.POV.DDAY",,,,,,,,,,,,,,,,,,,,,,,,,,,,,,,,,,,,,,,,54.4,,,,30.8,15.4,,,10.4,,4.7,,,,,,4.8,,,,
"Turkmenistan","TKM","Poverty headcount ratio at $1.90 a day (2011 PPP) (% of population)","SI.POV.DDAY",,,,,,,,,,,,,,,,,,,,,,,,,,,,,,,,,,,,,,,51.4,,,,,,,,,,,,,,,,,,,,,
"Latin America & the Caribbean (IDA & IBRD countries)","TLA","Poverty headcount ratio at $1.90 a day (2011 PPP) (% of population)","SI.POV.DDAY",,,,,,,,,,,,,,,,,,,,,,,,,,,,,,,,,,,,,,,,,,,,,,,,,,,,,,,,,,,,
"Timor-Leste","TLS","Poverty headcount ratio at $1.90 a day (2011 PPP) (% of population)","SI.POV.DDAY",,,,,,,,,,,,,,,,,,,,,,,,,,,,,,,,,,,,,,,,,,46,,,,,,47,,,,,,,30.7,,,,,
"Middle East & North Africa (IDA & IBRD countries)","TMN","Poverty headcount ratio at $1.90 a day (2011 PPP) (% of population)","SI.POV.DDAY",,,,,,,,,,,,,,,,,,,,,,,,,,,,,,,,,,,,,,,,,,,,,,,,,,,,,,,,,,,,
"Tonga","TON","Poverty headcount ratio at $1.90 a day (2011 PPP) (% of population)","SI.POV.DDAY",,,,,,,,,,,,,,,,,,,,,,,,,,,,,,,,,,,,,,,,,,2.8,,,,,,,,1.1,,,,,,1,,,,
"South Asia (IDA & IBRD)","TSA","Poverty headcount ratio at $1.90 a day (2011 PPP) (% of population)","SI.POV.DDAY",,,,,,,,,,,,,,,,,,,,,,,,,,,,,,,,,,,,,,,,,,,,,,,,,,,,,,,,,,,,
"Sub-Saharan Africa (IDA & IBRD countries)","TSS","Poverty headcount ratio at $1.90 a day (2011 PPP) (% of population)","SI.POV.DDAY",,,,,,,,,,,,,,,,,,,,,,,,,,,,,,,,,,,,,,,,,,,,,,,,,,,,,,,,,,,,
"Trinidad and Tobago","TTO","Poverty headcount ratio at $1.90 a day (2011 PPP) (% of population)","SI.POV.DDAY",,,,,,,,,,,,,,,,,,,,,,,,,,,,,0.7,,,,3.4,,,,,,,,,,,,,,,,,,,,,,,,,,,
"Tunisia","TUN","Poverty headcount ratio at $1.90 a day (2011 PPP) (% of population)","SI.POV.DDAY",,,,,,,,,,,,,,,,,,,,,,,,,,15,,,,,10.6,,,,,11.7,,,,,5.9,,,,,3.3,,,,,2,,,,,0.3,,,,
"Turkey","TUR","Poverty headcount ratio at $1.90 a day (2011 PPP) (% of population)","SI.POV.DDAY",,,,,,,,,,,,,,,,,,,,,,,,,,,,2.4,,,,,,,3.2,,,,,,,,2.5,4.2,2.2,2.6,1.9,1.4,0.6,0.9,0.8,0.3,0.3,0.3,0.3,0.3,0.2,,,
"Tuvalu","TUV","Poverty headcount ratio at $1.90 a day (2011 PPP) (% of population)","SI.POV.DDAY",,,,,,,,,,,,,,,,,,,,,,,,,,,,,,,,,,,,,,,,,,,,,,,,,,,3.3,,,,,,,,,
"Tanzania","TZA","Poverty headcount ratio at $1.90 a day (2011 PPP) (% of population)","SI.POV.DDAY",,,,,,,,,,,,,,,,,,,,,,,,,,,,,,,,72.1,,,,,,,,,86,,,,,,,59.9,,,,49.1,,,,,,,,
"Uganda","UGA","Poverty headcount ratio at $1.90 a day (2011 PPP) (% of population)","SI.POV.DDAY",,,,,,,,,,,,,,,,,,,,,,,,,,,,,,57.7,,,63.8,,,,62.6,,,66.9,,,65.1,,,56.4,,,,44.6,,,35.9,,,,41.7,,,
"Ukraine","UKR","Poverty headcount ratio at $1.90 a day (2011 PPP) (% of population)","SI.POV.DDAY",,,,,,,,,,,,,,,,,,,,,,,,,,,,,,,,,3,1.3,,5.4,5.4,,,,,,1.7,0.6,0.6,0.3,0.1,0.1,0,0.1,0,0,0,0,0,0.1,0.1,,,
"Upper middle income","UMC","Poverty headcount ratio at $1.90 a day (2011 PPP) (% of population)","SI.POV.DDAY",,,,,,,,,,,,,,,,,,,,,,53.5,,,46.5,,,37.4,,,40.7,,,35.7,,,27.4,,,26.3,,,20.8,,,12.8,,,9.8,,7.7,5.7,4.9,2.3,,1.6,,,,
"Uruguay","URY","Poverty headcount ratio at $1.90 a day (2011 PPP) (% of population)","SI.POV.DDAY",,,,,,,,,,,,,,,,,,,,,,0,,,,,,,,0.6,,,,,,,,,,,,,,,,,0.5,0.3,0.2,0.2,0.1,0.1,0.1,0.2,0.1,0.1,0.1,0.1,,
"United States","USA","Poverty headcount ratio at $1.90 a day (2011 PPP) (% of population)","SI.POV.DDAY",,,,,,,,,,,,,,,,,,,,0.5,,,,,,,0.5,,,,,0.5,,,0.7,,,0.7,,,0.7,,,,1,,,1,,,1,,,1,,,1.2,,,
"Uzbekistan","UZB","Poverty headcount ratio at $1.90 a day (2011 PPP) (% of population)","SI.POV.DDAY",,,,,,,,,,,,,,,,,,,,,,,,,,,,,,,,,,,,,,,40.2,,62,,58.2,62.1,,,,,,,,,,,,,,,,
"St. Vincent and the Grenadines","VCT","Poverty headcount ratio at $1.90 a day (2011 PPP) (% of population)","SI.POV.DDAY",,,,,,,,,,,,,,,,,,,,,,,,,,,,,,,,,,,,,,,,,,,,,,,,,,,,,,,,,,,,
"Venezuela, RB","VEN","Poverty headcount ratio at $1.90 a day (2011 PPP) (% of population)","SI.POV.DDAY",,,,,,,,,,,,,,,,,,,,,,5.8,,,,,,6.1,,7.4,,,4.8,,,10.4,,,12.8,12,,11,18.2,22.7,19.8,18.9,10.2,,,,,,,,,,,,,
"British Virgin Islands","VGB","Poverty headcount ratio at $1.90 a day (2011 PPP) (% of population)","SI.POV.DDAY",,,,,,,,,,,,,,,,,,,,,,,,,,,,,,,,,,,,,,,,,,,,,,,,,,,,,,,,,,,,
"Virgin Islands (U.S.)","VIR","Poverty headcount ratio at $1.90 a day (2011 PPP) (% of population)","SI.POV.DDAY",,,,,,,,,,,,,,,,,,,,,,,,,,,,,,,,,,,,,,,,,,,,,,,,,,,,,,,,,,,,
"Vietnam","VNM","Poverty headcount ratio at $1.90 a day (2011 PPP) (% of population)","SI.POV.DDAY",,,,,,,,,,,,,,,,,,,,,,,,,,,,,,,,,52.9,,,,,,35.5,,,,38,,26.5,,19.5,,14.8,,4.2,,2.8,,2.7,,2,,,
"Vanuatu","VUT","Poverty headcount ratio at $1.90 a day (2011 PPP) (% of population)","SI.POV.DDAY",,,,,,,,,,,,,,,,,,,,,,,,,,,,,,,,,,,,,,,,,,,,,,,,,,,13.1,,,,,,,,,
"World","WLD","Poverty headcount ratio at $1.90 a day (2011 PPP) (% of population)","SI.POV.DDAY",,,,,,,,,,,,,,,,,,,,,,42.1,,,39.2,,,35.3,,,35.9,,,34,,,29.4,,,28.6,,,25.5,,,20.7,,,18.2,,15.7,13.7,12.8,11.2,,10,,,,
"Samoa","WSM","Poverty headcount ratio at $1.90 a day (2011 PPP) (% of population)","SI.POV.DDAY",,,,,,,,,,,,,,,,,,,,,,,,,,,,,,,,,,,,,,,,,,,2,,,,,,0.6,,,,,1.1,,,,,,
"Kosovo","XKX","Poverty headcount ratio at $1.90 a day (2011 PPP) (% of population)","SI.POV.DDAY",,,,,,,,,,,,,,,,,,,,,,,,,,,,,,,,,,,,,,,,,,,,1.7,,3,3.2,,,2.7,2.2,1.4,0.5,0.3,0.7,0.4,0.6,0.2,,
"Yemen, Rep.","YEM","Poverty headcount ratio at $1.90 a day (2011 PPP) (% of population)","SI.POV.DDAY",,,,,,,,,,,,,,,,,,,,,,,,,,,,,,,,,,,,,,,7.4,,,,,,,9.8,,,,,,,,,18.8,,,,,
"South Africa","ZAF","Poverty headcount ratio at $1.90 a day (2011 PPP) (% of population)","SI.POV.DDAY",,,,,,,,,,,,,,,,,,,,,,,,,,,,,,,,,,31.7,,,36.6,,,,35,,,,,26.1,,,16.9,,16.5,,,,18.9,,,,,
"Zambia","ZMB","Poverty headcount ratio at $1.90 a day (2011 PPP) (% of population)","SI.POV.DDAY",,,,,,,,,,,,,,,,,,,,,,,,,,,,,,,,54.1,,54.5,,,41.7,,42.1,,,,49.4,,56.7,,60.5,,,,64.4,,,,,57.5,,,,
"Zimbabwe","ZWE","Poverty headcount ratio at $1.90 a day (2011 PPP) (% of population)","SI.POV.DDAY",,,,,,,,,,,,,,,,,,,,,,,,,,,,,,,,,,,,,,,,,,,,,,,,,,,,21.4,,,,,,,,
